,Trade Freedom,Property Rights,Inflation (%),Public Debt (% of GDP),Constant
Trade Freedom,19170.844019078046,-8197.975147862977,-0.13857487005379712,439.6504790272371,-977467.4042621517
Property Rights,-8197.975147862993,8554.268563647536,0.3414427173350461,-368.3863643979491,136349.65627623713
Inflation (%),-0.1385748700537734,0.341442717335033,0.0003655800027057643,-0.19466990519840363,-0.19395787737723366
Public Debt (% of GDP),439.6504790272035,-368.38636439793606,-0.19466990519840252,1427.5775187278614,-91494.85805370836
Constant,-977467.404262149,136349.65627623527,-0.19395787737628742,-91494.85805371012,71560795.60234796
